Match ID,Set,Leg,Turn,Player,Darts,Darts thrown,Start,Scored,Left,Notes
mun9oa3kyhn3rx,1,1,1,Andrew Right,16 D20 15,3,301,71,230,
mun9oa3kyhn3rx,1,1,2,Andrew Left,13 T9 5,3,301,45,256,
mun9oa3kyhn3rx,1,1,3,Andrew Right,19 5 9,3,230,33,197,
mun9oa3kyhn3rx,1,1,4,Andrew Left,17 11 2,3,256,30,226,
mun9oa3kyhn3rx,1,1,5,Andrew Right,6 7 11,3,197,24,173,
mun9oa3kyhn3rx,1,1,6,Andrew Left,10 9 9,3,226,28,198,
mun9oa3kyhn3rx,1,1,7,Andrew Right,10 17 15,3,173,42,131,
mun9oa3kyhn3rx,1,1,8,Andrew Left,20 7 M,3,198,27,171,
mun9oa3kyhn3rx,1,1,9,Andrew Right,13 M 1,3,131,14,117,
mun9oa3kyhn3rx,1,1,10,Andrew Left,M 1 12,3,171,13,158,
mun9oa3kyhn3rx,1,1,11,Andrew Right,D20 18 20,3,117,78,39,
mun9oa3kyhn3rx,1,1,12,Andrew Left,16 15 9,3,158,40,118,
mun9oa3kyhn3rx,1,1,13,Andrew Right,15 4 19,3,39,38,1,
mun9oa3kyhn3rx,1,1,14,Andrew Left,M 3 17,3,118,20,98,
mun9oa3kyhn3rx,1,1,15,Andrew Right,M M 13,3,1,0,1,BUST
mun9oa3kyhn3rx,1,1,16,Andrew Left,5 10 M,3,98,15,83,
mun9oa3kyhn3rx,1,1,17,Andrew Right,,0,1,0,1,LOCK IN
mun9oa3kyhn3rx,1,1,18,Andrew Left,M M 13,3,83,13,70,FINAL TURN
mun9oa3kyhn3rx,2,1,1,Andrew Left,16 M 14,3,301,30,271,
mun9oa3kyhn3rx,2,1,2,Andrew Right,4 20 13,3,301,37,264,
mun9oa3kyhn3rx,2,1,3,Andrew Left,M 5 6,3,271,11,260,
mun9oa3kyhn3rx,2,1,4,Andrew Right,6 19 1,3,264,26,238,
mun9oa3kyhn3rx,2,1,5,Andrew Left,M 4 M,3,260,4,256,
mun9oa3kyhn3rx,2,1,6,Andrew Right,20 5 M,3,238,25,213,
mun9oa3kyhn3rx,2,1,7,Andrew Left,18 T4 14,3,256,44,212,
mun9oa3kyhn3rx,2,1,8,Andrew Right,2 13 M,3,213,15,198,
mun9oa3kyhn3rx,2,1,9,Andrew Left,M 18 T16,3,212,66,146,
mun9oa3kyhn3rx,2,1,10,Andrew Right,T18 M 20,3,198,74,124,
mun9oa3kyhn3rx,2,1,11,Andrew Left,20 19 1,3,146,40,106,
mun9oa3kyhn3rx,2,1,12,Andrew Right,T2 12 20,3,124,38,86,
mun9oa3kyhn3rx,2,1,13,Andrew Left,12 7 M,3,106,19,87,
mun9oa3kyhn3rx,2,1,14,Andrew Right,4 M 1,3,86,5,81,
mun9oa3kyhn3rx,2,1,15,Andrew Left,18 T18 M,3,87,72,15,
mun9oa3kyhn3rx,2,1,16,Andrew Right,2 11 5,3,81,18,63,
mun9oa3kyhn3rx,2,1,17,Andrew Left,1 M 11,3,15,12,3,
mun9oa3kyhn3rx,2,1,18,Andrew Right,18 15 20,3,63,53,10,
mun9oa3kyhn3rx,2,1,19,Andrew Left,17,1,3,0,3,BUST
mun9oa3kyhn3rx,2,1,20,Andrew Right,M 13,2,10,0,10,BUST
mun9oa3kyhn3rx,2,1,21,Andrew Left,3,1,3,3,0,CHECKOUT
mun9oa3kyhn3rx,3,1,1,Andrew Right,2 5 4,3,301,11,290,
mun9oa3kyhn3rx,3,1,2,Andrew Left,8 T7 4,3,301,33,268,
mun9oa3kyhn3rx,3,1,3,Andrew Right,12 3 12,3,290,27,263,
mun9oa3kyhn3rx,3,1,4,Andrew Left,T19 M 7,3,268,64,204,
mun9oa3kyhn3rx,3,1,5,Andrew Right,5 1 14,3,263,20,243,
mun9oa3kyhn3rx,3,1,6,Andrew Left,3 M 5,3,204,8,196,
mun9oa3kyhn3rx,3,1,7,Andrew Right,10 M M,3,243,10,233,
mun9oa3kyhn3rx,3,1,8,Andrew Left,18 7 M,3,196,25,171,
mun9oa3kyhn3rx,3,1,9,Andrew Right,M 1 13,3,233,14,219,
mun9oa3kyhn3rx,3,1,10,Andrew Left,T5 7 M,3,171,22,149,
mun9oa3kyhn3rx,3,1,11,Andrew Right,20 20 20,3,219,60,159,
mun9oa3kyhn3rx,3,1,12,Andrew Left,11 12 9,3,149,32,117,
mun9oa3kyhn3rx,3,1,13,Andrew Right,4 9 4,3,159,17,142,
mun9oa3kyhn3rx,3,1,14,Andrew Left,11 17 17,3,117,45,72,
mun9oa3kyhn3rx,3,1,15,Andrew Right,20 D20 M,3,142,60,82,
mun9oa3kyhn3rx,3,1,16,Andrew Left,T2 M 2,3,72,8,64,
mun9oa3kyhn3rx,3,1,17,Andrew Right,18 19 M,3,82,37,45,
mun9oa3kyhn3rx,3,1,18,Andrew Left,15 12 M,3,64,27,37,
mun9oa3kyhn3rx,3,1,19,Andrew Right,18 13 1,3,45,32,13,
mun9oa3kyhn3rx,3,1,20,Andrew Left,D13 M M,3,37,26,11,
mun9oa3kyhn3rx,3,1,21,Andrew Right,M 15,2,13,0,13,BUST
mun9oa3kyhn3rx,3,1,22,Andrew Left,M 7 M,3,11,7,4,
mun9oa3kyhn3rx,3,1,23,Andrew Right,M M M,3,13,0,13,
mun9oa3kyhn3rx,3,1,24,Andrew Left,3 M M,3,4,3,1,
mun9oa3kyhn3rx,3,1,25,Andrew Right,M 19,2,13,0,13,BUST AUTO-LOCK
mun9oa3kyhn3rx,3,1,26,Andrew Left,,0,1,0,1,FINAL TURN ended early
munanxyqg0pzcl,1,1,1,Andrew Right,11 14 19,3,301,44,257,
munanxyqg0pzcl,1,1,2,Andrew Left,10 18 T3,3,301,37,264,
munanxyqg0pzcl,1,1,3,Andrew Right,M 3 13,3,257,16,241,
munanxyqg0pzcl,1,1,4,Andrew Left,T19 20 8,3,264,85,179,
munanxyqg0pzcl,1,1,5,Andrew Right,17 2 25,3,241,44,197,
munanxyqg0pzcl,1,1,6,Andrew Left,13 T8 M,3,179,37,142,
munanxyqg0pzcl,1,1,7,Andrew Right,19 7 1,3,197,27,170,
munanxyqg0pzcl,1,1,8,Andrew Left,9 T1 M,3,142,12,130,
munanxyqg0pzcl,1,1,9,Andrew Right,D13 14 19,3,170,59,111,
munanxyqg0pzcl,1,1,10,Andrew Left,7 T19 3,3,130,67,63,
munanxyqg0pzcl,1,1,11,Andrew Right,18 D5 16,3,111,44,67,
munanxyqg0pzcl,1,1,12,Andrew Left,M D16 M,3,63,32,31,
munanxyqg0pzcl,1,1,13,Andrew Right,10 19 20,3,67,49,18,
munanxyqg0pzcl,1,1,14,Andrew Left,9 M 1,3,31,10,21,
munanxyqg0pzcl,1,1,15,Andrew Right,D12,1,18,0,18,BUST
munanxyqg0pzcl,1,1,16,Andrew Left,12 3 M,3,21,15,6,
munanxyqg0pzcl,1,1,17,Andrew Right,M 10 8,3,18,18,0,CHECKOUT
munanxyqg0pzcl,2,1,1,Andrew Left,5 T3 M,3,301,14,287,
munanxyqg0pzcl,2,1,2,Andrew Right,7 17 25,3,301,49,252,
munanxyqg0pzcl,2,1,3,Andrew Left,19 12 D9,3,287,49,238,
munanxyqg0pzcl,2,1,4,Andrew Right,20 12 D12,3,252,56,196,
munanxyqg0pzcl,2,1,5,Andrew Left,19 M 1,3,238,20,218,
munanxyqg0pzcl,2,1,6,Andrew Right,15 13 16,3,196,44,152,
munanxyqg0pzcl,2,1,7,Andrew Left,9 7 D14,3,218,44,174,
munanxyqg0pzcl,2,1,8,Andrew Right,13 18 5,3,152,36,116,
munanxyqg0pzcl,2,1,9,Andrew Left,19 10 15,3,174,44,130,
munanxyqg0pzcl,2,1,10,Andrew Right,17 M T5,3,116,32,84,
munanxyqg0pzcl,2,1,11,Andrew Left,3 D4 2,3,130,13,117,
munanxyqg0pzcl,2,1,12,Andrew Right,19 19 T17,3,84,0,84,BUST
munanxyqg0pzcl,2,1,13,Andrew Left,19 17 16,3,117,52,65,
munanxyqg0pzcl,2,1,14,Andrew Right,3 T15 11,3,84,59,25,
munanxyqg0pzcl,2,1,15,Andrew Left,1 D17 15,3,65,50,15,
munanxyqg0pzcl,2,1,16,Andrew Right,T18,1,25,0,25,BUST AUTO-LOCK
munanxyqg0pzcl,2,1,17,Andrew Left,,0,15,0,15,FINAL TURN ended early
munanxyqg0pzcl,3,1,1,Andrew Right,7 16 9,3,301,32,269,
munanxyqg0pzcl,3,1,2,Andrew Left,5 8 M,3,301,13,288,
munanxyqg0pzcl,3,1,3,Andrew Right,6 4 20,3,269,30,239,
munanxyqg0pzcl,3,1,4,Andrew Left,13 1 14,3,288,28,260,
munanxyqg0pzcl,3,1,5,Andrew Right,15 9 4,3,239,28,211,
munanxyqg0pzcl,3,1,6,Andrew Left,3 14 D1,3,260,19,241,
munanxyqg0pzcl,3,1,7,Andrew Right,18 17 18,3,211,53,158,
munanxyqg0pzcl,3,1,8,Andrew Left,6 9 D13,3,241,41,200,
munanxyqg0pzcl,3,1,9,Andrew Right,16 4 3,3,158,23,135,
munanxyqg0pzcl,3,1,10,Andrew Left,16 17 14,3,200,47,153,
munanxyqg0pzcl,3,1,11,Andrew Right,12 5 M,3,135,17,118,
munanxyqg0pzcl,3,1,12,Andrew Left,M 8 6,3,153,14,139,
munanxyqg0pzcl,3,1,13,Andrew Right,T4 M 15,3,118,27,91,
munanxyqg0pzcl,3,1,14,Andrew Left,M M 25,3,139,25,114,
munanxyqg0pzcl,3,1,15,Andrew Right,M D17 4,3,91,38,53,
munanxyqg0pzcl,3,1,16,Andrew Left,7 Bull M,3,114,57,57,
munanxyqg0pzcl,3,1,17,Andrew Right,8 T2 4,3,53,18,35,
munanxyqg0pzcl,3,1,18,Andrew Left,T18 M M,3,57,54,3,
munanxyqg0pzcl,3,1,19,Andrew Right,20 M D15,3,35,0,35,BUST
munanxyqg0pzcl,3,1,20,Andrew Left,,0,3,0,3,LOCK IN
munanxyqg0pzcl,3,1,21,Andrew Right,M 12 Bull,3,35,0,35,BUST FINAL TURN
